{
  "curves": {
    "cut_frac": [
      [
        0.0,
        14.947778554475061,
        0.0
      ],
      [
        0.1,
        14.956819910084183,
        0.0
      ],
      [
        0.2,
        14.956819910084183,
        0.0
      ],
      [
        0.4,
        14.950815857723658,
        0.0
      ],
      [
        0.6,
        14.927378350143545,
        1.7763568394002505e-15
      ],
      [
        0.8,
        14.927378350143545,
        1.7763568394002505e-15
      ]
    ],
    "target_position": [
      [
        0.1,
        15.202382019040666,
        0.0
      ],
      [
        0.3,
        15.002335060244182,
        0.0
      ],
      [
        0.5,
        14.982742283426623,
        1.7763568394002505e-15
      ],
      [
        0.7,
        14.945234792132567,
        0.0
      ],
      [
        0.9,
        14.960916793660413,
        1.7763568394002505e-15
      ]
    ],
    "distractor_strength": [
      [
        0.0,
        14.947778554475061,
        0.0
      ],
      [
        0.1,
        14.950815143222323,
        0.005630768439334519
      ],
      [
        0.2,
        14.999542867587175,
        0.11636381439341484
      ],
      [
        0.3,
        15.19857592151622,
        0.3005568735690071
      ],
      [
        0.5,
        15.30938332721524,
        0.7289762556429711
      ],
      [
        0.7,
        15.5975190313083,
        0.8465662752204202
      ],
      [
        1.0,
        15.652732964102631,
        1.0509050393029729
      ]
    ]
  },
  "L50": {
    "cut_frac": 0.8,
    "target_position": 0.9,
    "distractor_strength": 1.0
  },
  "distractor_susceptibility": 0.812778539670809,
  "effective_horizon": 0.8,
  "n_sims": 190
}