{
  "mapping": {
    "power": {
      "nature_rx": 0.35,
      "exercise_rx": 0.3,
      "therapy_rx": 0.35
    },
    "danger": {
      "academic_load": 0.35,
      "trauma_load": 0.3,
      "mh_diagnosis": 0.35
    },
    "structure": {
      "sleep_hygiene": 0.25,
      "baseline_chronotype": 0.2,
      "age": 0.15,
      "gender": 0.15,
      "emotional_stability": 0.25
    }
  },
  "audit": {
    "dimension_output_correlations": {
      "power": {
        "sleep_quality_tst_mean": -0.009195507753604561,
        "sleep_quality_tst_final": -0.007089096330874307,
        "sleep_quality_tst_min": -0.007243241292732538,
        "sleep_quality_sleep_quality_mean": -0.009857216395324952,
        "sleep_quality_sleep_quality_final": -0.0089341484901684,
        "sleep_quality_sleep_debt_cumulative": 0.009195507753605937,
        "sleep_quality_social_jetlag_mean": -0.010514684224621571,
        "sleep_quality_shape_cluster1_fraction": 0.022972553232878272,
        "stress_anxiety_pss_mean": -0.9367839124699782,
        "stress_anxiety_pss_final": -0.9679831224654212,
        "stress_anxiety_pss_slope": -0.9679312136563942,
        "stress_anxiety_pss_peak": -0.3714494696442123,
        "stress_anxiety_pss_time_above_threshold": 0.0,
        "stress_anxiety_gad7_mean": 0.017331245435523463,
        "stress_anxiety_gad7_peak": 0.012302933124911347,
        "stress_anxiety_gad7_days_above_10": 0.012811781891075997,
        "stress_anxiety_anxiety_transitions_count": -0.014306062854834562,
        "stress_anxiety_depression_mean": 0.026758984122441064,
        "stress_anxiety_depression_final": 0.022585530861285917,
        "physiological_rhr_mean": 0.027852728513990923,
        "physiological_rhr_slope": -0.027852728513910602,
        "physiological_hrv_mean": 0.1264580893234835,
        "physiological_hrv_final": 0.28360760113027855,
        "physiological_hrv_slope": 0.9459470996566334,
        "physiological_arr_mean": -1.0,
        "physiological_arr_slope": -1.0,
        "physiological_dac_min": -4.095350337342437e-18,
        "intervention_response_pss_benefit": 0.9802323886856195,
        "intervention_response_hrv_benefit": 0.9999975383076763,
        "intervention_response_wellbeing_gain": 0.999999519018948,
        "intervention_response_nature_dose_response": 0.9929677058895111,
        "intervention_response_cost_effectiveness": 0.9802323886856195
      },
      "danger": {
        "sleep_quality_tst_mean": 0.046152126798728814,
        "sleep_quality_tst_final": 0.04583451017551102,
        "sleep_quality_tst_min": 0.04584835006190603,
        "sleep_quality_sleep_quality_mean": 0.046288159701309645,
        "sleep_quality_sleep_quality_final": 0.04609704357677605,
        "sleep_quality_sleep_debt_cumulative": -0.04615212679873372,
        "sleep_quality_social_jetlag_mean": 0.06200490679958945,
        "sleep_quality_shape_cluster1_fraction": 0.9522458637982597,
        "stress_anxiety_pss_mean": 0.2671679894465824,
        "stress_anxiety_pss_final": 0.1523533939659588,
        "stress_anxiety_pss_slope": 0.14735777847989942,
        "stress_anxiety_pss_peak": 0.8664263021313792,
        "stress_anxiety_pss_time_above_threshold": 0.0,
        "stress_anxiety_gad7_mean": 0.9255954138941075,
        "stress_anxiety_gad7_peak": 0.8504182547724954,
        "stress_anxiety_gad7_days_above_10": 0.8107578393909863,
        "stress_anxiety_anxiety_transitions_count": 0.739076842281633,
        "stress_anxiety_depression_mean": 0.999876062601844,
        "stress_anxiety_depression_final": 0.9987157153918436,
        "physiological_rhr_mean": 1.0,
        "physiological_rhr_slope": -0.9999999999999996,
        "physiological_hrv_mean": -0.9880648413899455,
        "physiological_hrv_final": -0.9506687251910125,
        "physiological_hrv_slope": 0.3505298226613399,
        "physiological_arr_mean": -0.027852728514068975,
        "physiological_arr_slope": -0.02785272851379177,
        "physiological_dac_min": -4.251160663015833e-17,
        "intervention_response_pss_benefit": 0.024923960101062254,
        "intervention_response_hrv_benefit": 0.027827648883148762,
        "intervention_response_wellbeing_gain": 0.02781719374625022,
        "intervention_response_nature_dose_response": 0.039713712813421564,
        "intervention_response_cost_effectiveness": 0.02492396010106228
      },
      "structure": {
        "sleep_quality_tst_mean": 0.9999981830087589,
        "sleep_quality_tst_final": 0.9999919191436313,
        "sleep_quality_tst_min": 0.9999925223699425,
        "sleep_quality_sleep_quality_mean": 0.9999992277964428,
        "sleep_quality_sleep_quality_final": 0.9999976419669767,
        "sleep_quality_sleep_debt_cumulative": -0.9999981830087589,
        "sleep_quality_social_jetlag_mean": 0.9998848786044597,
        "sleep_quality_shape_cluster1_fraction": 0.04168120908871554,
        "stress_anxiety_pss_mean": -0.1660501567131009,
        "stress_anxiety_pss_final": -0.15623256064331073,
        "stress_anxiety_pss_slope": -0.16159773618529566,
        "stress_anxiety_pss_peak": -0.11909446207036002,
        "stress_anxiety_pss_time_above_threshold": 0.0,
        "stress_anxiety_gad7_mean": 0.07137170107274396,
        "stress_anxiety_gad7_peak": -0.0033232273488580334,
        "stress_anxiety_gad7_days_above_10": -0.012496572368415613,
        "stress_anxiety_anxiety_transitions_count": 0.04546533198301215,
        "stress_anxiety_depression_mean": 0.03210069221379666,
        "stress_anxiety_depression_final": -0.002756768311766624,
        "physiological_rhr_mean": 0.04685364787815247,
        "physiological_rhr_slope": -0.04685364787851486,
        "physiological_hrv_mean": -0.047841513848392206,
        "physiological_hrv_final": -0.04745234009269881,
        "physiological_hrv_slope": 0.007788681824229208,
        "physiological_arr_mean": 0.010946818277167166,
        "physiological_arr_slope": 0.010946818277164911,
        "physiological_dac_min": 9.824498544090509e-18,
        "intervention_response_pss_benefit": 0.18641396217018277,
        "intervention_response_hrv_benefit": -0.008735690835997758,
        "intervention_response_wellbeing_gain": -0.009971925652691314,
        "intervention_response_nature_dose_response": 0.07382010960527616,
        "intervention_response_cost_effectiveness": 0.18641396217018275
      }
    },
    "variance_explained": {
      "sleep_quality_tst_mean": 0.9999999992836728,
      "sleep_quality_tst_final": 0.9999999981291953,
      "sleep_quality_tst_min": 0.9999999981499078,
      "sleep_quality_sleep_quality_mean": 0.9999999996682211,
      "sleep_quality_sleep_quality_final": 0.9999999990821072,
      "sleep_quality_sleep_debt_cumulative": 0.9999999992836728,
      "sleep_quality_social_jetlag_mean": 1.0,
      "sleep_quality_shape_cluster1_fraction": 0.9067936904526932,
      "stress_anxiety_pss_mean": 0.9998725611279201,
      "stress_anxiety_pss_final": 0.9999693380628916,
      "stress_anxiety_pss_slope": 0.9999290107003126,
      "stress_anxiety_pss_peak": 0.9344380730850061,
      "stress_anxiety_pss_time_above_threshold": 1.0,
      "stress_anxiety_gad7_mean": 0.8575785857462099,
      "stress_anxiety_gad7_peak": 0.7252208860883438,
      "stress_anxiety_gad7_days_above_10": 0.6599905188911461,
      "stress_anxiety_anxiety_transitions_count": 0.5475615351203298,
      "stress_anxiety_depression_mean": 0.9999717153116707,
      "stress_anxiety_depression_final": 0.9999278438430992,
      "physiological_rhr_mean": 1.0,
      "physiological_rhr_slope": 1.0,
      "physiological_hrv_mean": 0.9999999995948996,
      "physiological_hrv_final": 0.9999999992626044,
      "physiological_hrv_slope": 0.9999999830074525,
      "physiological_arr_mean": 1.0,
      "physiological_arr_slope": 1.0,
      "physiological_dac_min": 1.0,
      "intervention_response_pss_benefit": 0.9998628507537868,
      "intervention_response_hrv_benefit": 0.9999999829404522,